PLAYER,TM,POS,GP,GS,MIN,FG,FGA,X3P,X3PA,FT,FTA,OR,DR,TR,AST,STL,TO,Blk,PF,PTS
A.J. Price,WAS,PG,58,22,1298,163,418,70,201,49,62,21,98,119,208,34,64,3,73,445
Aaron Brooks,HOU,PG,7,0,45,7,17,3,8,0,0,1,0,1,8,1,4,5,7,17
Aaron Brooks,SAC,PG,46,20,960,139,303,48,127,40,52,12,66,78,108,29,63,7,89,366
Aaron Gray,TOR,C,42,16,503,46,87,0,0,23,42,46,83,129,32,7,36,4,80,115
Al Harrington,ORL,PF,10,0,118,20,57,8,30,3,4,6,21,27,10,4,7,1,18,51
Al Horford,ATL,C,73,73,2718,568,1041,3,6,132,206,191,556,747,237,77,142,76,163,1271
Al Jefferson,UTH,C,77,77,2547,604,1225,2,17,167,217,155,560,715,163,77,104,88,169,1377
Al.Farouq Aminu,MIA,SF,1,1,34,3,6,0,0,1,2,5,11,16,2,1,3,0,4,7
Al.Farouq Aminu,NOR,SF,74,69,2000,218,457,4,18,100,135,133,433,566,99,87,111,51,147,540
Alan Anderson,TOR,SG,65,2,1506,241,621,96,286,127,148,34,114,148,103,47,80,7,132,705
Alec Burks,UTH,PG,63,0,1123,161,385,32,91,92,129,37,107,144,91,35,72,13,112,446
Alexey Shved,MIN,PG,77,16,1835,234,629,85,286,109,151,40,133,173,285,54,147,26,118,662
Alonzo Gee,CLE,SF,81,81,2506,297,727,69,217,163,205,72,238,310,132,106,131,28,195,826
Amar'e Stoudemire,NYK,PF,29,0,684,154,267,0,0,105,130,60,85,145,13,10,50,21,89,413
Amir Johnson,TOR,PF,81,38,2330,336,610,5,13,135,185,228,381,609,122,83,118,110,301,812
Anderson Varejao,CLE,C,25,25,901,138,289,0,5,77,102,138,223,361,84,37,44,14,68,353
Andray Blatche,BKN,C,83,8,1574,353,689,3,22,150,220,165,259,424,85,86,123,55,165,859
Andre Drummond,DET,C,61,11,1275,212,347,1,2,60,161,170,297,467,32,60,60,98,149,485
Andre Iguodala,DEN,SG,81,81,2821,403,892,93,293,157,273,82,348,430,447,140,208,52,129,1056
Andre Miller,DEN,PG,83,12,2186,307,641,18,66,167,200,61,179,240,496,72,173,11,161,799
Andrea Bargnani,TOR,PF,35,25,1004,170,425,38,122,65,77,26,102,128,37,21,54,23,64,443
Andrei Kirilenko,MIN,SF,64,64,2045,280,560,35,119,189,248,104,258,362,180,100,120,63,81,784
Andrew Bogut,GSW,C,31,31,766,80,179,1,1,19,38,65,175,240,67,20,35,55,83,180
Andrew Goudelock,LAL,PG,1,0,6,0,2,0,0,0,0,1,0,1,0,0,0,0,0,0
Andrew Nicholson,ORL,PF,74,27,1230,254,482,0,0,73,92,68,185,253,44,24,78,32,132,581
Andris Biedrins,GSW,PF,53,9,495,10,21,0,0,4,13,34,119,153,14,15,14,42,101,24
Antawn Jamison,LAL,PF,75,6,1613,262,564,82,230,93,135,107,250,357,50,29,51,22,122,699
Anthony Davis,MIA,PF,1,1,28,5,10,0,0,1,2,3,2,5,0,4,2,2,5,11
Anthony Davis,NOR,PF,62,58,1789,333,650,0,6,164,218,158,347,505,63,71,87,107,152,830
Anthony Morrow,ATL,SG,24,1,302,47,111,15,38,16,18,10,16,26,9,12,4,1,33,125
Anthony Morrow,DAL,SG,16,0,74,16,32,1,5,2,2,1,3,4,3,1,4,0,10,35
Anthony Randolph,DEN,PF,40,0,350,63,124,0,9,31,47,31,71,102,13,23,38,21,44,157
Anthony Tolliver,ATL,PF,62,12,969,82,217,45,132,44,51,31,118,149,31,15,36,12,70,253
Arnett Moultrie,PHI,PF,47,0,544,79,135,0,0,18,28,76,70,146,10,17,19,11,42,176
Aron Baynes,SAS,PF,15,0,141,18,36,0,1,7,12,12,20,32,5,1,10,6,23,43
Arron Afflalo,ORL,SG,64,64,2307,397,904,72,239,191,223,29,210,239,206,40,138,11,137,1057
Austin Daye,DET,PF,24,0,348,43,97,21,40,15,18,10,53,63,21,5,13,8,43,122
Austin Daye,MEM,PF,30,0,306,45,106,19,55,11,16,6,50,56,20,8,16,14,39,120
Austin Rivers,NOR,SG,61,26,1416,145,390,28,86,59,108,16,93,109,127,26,74,9,122,377
Avery Bradley,BOS,PG,49,49,1407,189,466,38,118,35,45,30,81,111,101,64,69,18,126,451
Ben Gordon,CHA,SG,75,0,1582,318,775,119,303,112,133,18,114,132,144,35,139,16,136,867
Ben Hansbrough,IND,PG,28,0,202,15,45,6,23,21,27,2,16,18,21,7,18,2,23,57
Beno Udrih,MIL,PG,39,0,720,113,238,13,49,24,33,17,61,78,138,16,53,2,39,263
Beno Udrih,ORL,PG,26,8,703,87,221,18,48,56,66,16,42,58,158,23,51,1,50,248
Bernard James,DAL,C,46,11,457,53,103,0,2,25,41,52,79,131,7,12,18,38,64,131
Bismack Biyombo,CHA,PF,80,65,2192,158,347,0,0,76,144,196,388,584,35,28,83,147,199,392
Blake Griffin,LAC,PF,80,80,2596,577,1072,5,28,281,426,186,476,662,299,97,185,50,231,1440
Boris Diaw,SAS,C,76,20,1717,179,332,30,78,47,65,66,190,256,183,52,85,27,143,435
Bradley Beal,WAS,SG,56,46,1745,282,687,91,236,125,159,43,168,211,138,50,90,29,113,780
Brandan Wright,DAL,C,63,16,1123,232,390,0,3,57,94,81,173,254,38,25,34,74,76,521
Brandon Bass,BOS,PF,80,68,2201,279,575,0,2,129,149,128,290,418,83,44,79,62,186,687
Brandon Jennings,MIL,PG,80,80,2888,495,1241,171,456,227,277,58,186,244,525,127,201,11,155,1388
Brandon Knight,DET,PG,76,76,2405,366,893,123,331,169,231,56,193,249,309,60,208,8,161,1024
Brandon Roy,MIN,SG,5,5,122,11,35,0,9,7,10,3,11,14,23,3,7,0,5,29
Brendan Haywood,CHA,C,61,17,1165,93,216,0,1,30,66,125,165,290,29,16,50,49,125,216
Brian Roberts,MIA,PG,1,1,41,6,14,1,3,0,0,0,1,1,6,1,3,0,3,13
Brian Roberts,NOR,PG,76,4,1272,206,491,58,149,70,77,17,78,95,214,36,66,3,101,540
Brook Lopez,BKN,C,75,75,2287,577,1109,0,1,302,399,212,306,518,70,35,132,158,154,1456
Byron Mullens,CHA,C,54,41,1433,217,564,66,208,64,101,71,267,338,81,34,74,32,111,564
C.J. Miles,CLE,SG,64,13,1348,253,607,126,325,88,101,23,147,170,63,48,67,17,135,720
C.J. Watson,BKN,PG,81,8,1536,194,463,88,214,71,91,38,108,146,163,66,69,13,123,547
Carl Landry,GSW,PF,80,2,1853,320,593,1,3,220,269,177,302,479,64,32,113,31,186,861
Carlos Boozer,CHI,PF,78,78,2512,538,1124,0,2,193,264,174,588,762,175,64,170,28,236,1269
Carlos Delfino,HOU,SG,67,5,1689,251,620,158,421,48,56,18,202,220,135,68,72,9,114,708
Carmelo Anthony,NYK,SF,66,66,2445,652,1461,154,407,421,508,129,317,446,170,52,170,31,203,1879
Caron Butler,LAC,SF,78,78,1879,305,720,128,330,75,90,42,181,223,78,51,72,11,139,813
Cartier Martin,WAS,PF,41,3,692,96,252,58,146,20,28,11,89,100,20,19,32,6,58,270
Chandler Parsons,HOU,SF,76,76,2757,457,940,152,395,113,155,79,325,404,269,75,147,32,148,1179
Charles Jenkins,GSW,PG,47,0,289,35,83,1,2,10,18,5,16,21,28,9,19,1,18,81
Charles Jenkins,PHI,PG,12,1,150,14,38,0,0,2,4,3,8,11,16,6,2,1,4,30
Charlie Villanueva,DET,PF,70,0,1103,177,469,91,262,27,49,50,195,245,55,31,39,39,97,472
Chase Budinger,MIN,SF,23,1,507,79,193,27,81,33,43,14,58,72,25,14,22,8,28,218
Chauncey Billups,LAC,PG,22,22,418,53,132,33,90,45,48,2,30,32,49,12,26,1,25,184
Chris Andersen,MIA,PF,42,0,632,70,125,2,3,64,95,58,121,179,16,16,24,45,88,206
Chris Bosh,MIA,C,73,73,2422,479,893,20,71,236,296,130,362,492,117,65,125,100,166,1214
Chris Copeland,NYK,SF,55,13,843,180,376,57,136,63,83,34,85,119,27,16,50,12,100,480
Chris Douglas.Roberts,DAL,SG,6,0,64,5,14,0,4,7,10,0,5,5,4,2,1,0,4,17
Chris Duhon,LAL,PG,46,9,819,47,123,33,91,6,13,11,57,68,133,20,40,1,56,133
Chris Johnson,MEM,SF,8,0,101,11,25,6,18,1,2,5,6,11,2,4,3,0,5,29
Chris Johnson,MIN,PF,30,0,285,48,75,0,0,21,34,20,40,60,8,7,13,28,49,117
Chris Kaman,DAL,C,65,51,1347,310,610,0,1,67,85,95,268,363,51,31,102,50,138,687
Chris Paul,LAC,PG,70,70,2335,412,856,76,232,286,323,53,209,262,678,169,159,10,143,1186
Chris Quinn,CLE,PG,7,0,79,4,16,0,5,2,2,1,1,2,9,3,6,0,4,10
Chris Singleton,WAS,SF,58,11,927,93,242,7,36,40,70,51,133,184,38,38,45,24,124,233
Chris Wilcox,BOS,PF,60,6,808,109,150,0,1,39,58,54,122,176,20,31,33,26,122,257
Chris Wright,DAL,PG,3,0,5,1,2,0,0,0,0,0,0,0,0,0,1,0,0,2
Chuck Hayes,SAC,PF,74,1,1211,84,190,0,1,30,48,114,186,300,112,31,44,18,114,198
Cole Aldrich,HOU,C,30,0,215,23,43,0,0,4,9,12,45,57,6,3,14,9,41,50
Cole Aldrich,SAC,C,15,0,175,21,37,0,0,8,11,18,45,63,3,2,9,14,19,50
Corey Brewer,DEN,SF,83,2,2039,382,899,93,311,155,223,55,182,237,126,119,103,23,158,1012
Corey Maggette,DET,SF,18,0,256,27,76,5,21,36,48,5,20,25,19,6,17,2,42,95
Cory Higgins,CHA,PG,6,0,32,6,19,1,5,1,2,1,2,3,5,3,0,0,5,14
Cory Joseph,SAS,PG,29,9,414,55,122,6,24,18,21,14,41,55,56,15,22,5,26,134
Courtney Lee,BOS,SG,77,38,1924,245,525,58,156,62,72,31,157,188,140,88,83,20,138,610
D.J. Augustin,IND,PG,76,5,1232,105,297,68,193,81,98,20,69,89,171,34,68,3,63,359
D.J. White,BOS,PF,12,0,86,12,23,0,0,5,9,4,9,13,4,1,2,6,5,29
Daequan Cook,CHI,SG,33,0,274,30,108,15,61,7,9,2,41,43,9,2,9,5,13,82
Daequan Cook,HOU,SG,16,1,166,21,59,11,30,2,3,5,13,18,10,6,6,2,13,55
Dahntay Jones,ATL,SF,28,5,406,33,90,3,12,23,33,11,21,32,21,14,18,1,47,92
Dahntay Jones,DAL,SF,50,15,635,50,140,8,37,66,82,13,57,70,28,10,22,5,73,174
DaJuan Summers,LAC,SF,2,0,7,1,4,0,0,0,0,0,2,2,1,0,0,0,0,2
Damian Lillard,POR,PG,81,81,3127,550,1277,184,501,272,321,40,214,254,524,72,240,19,171,1556
Damien Wilkins,PHI,SG,61,21,1097,143,318,15,49,78,106,32,72,104,86,38,50,16,96,379
Daniel Gibson,CLE,SG,46,3,923,84,247,56,163,26,37,5,55,60,82,30,31,4,89,250
Daniel Orton,OKC,C,12,0,101,12,26,0,0,9,17,12,13,25,4,4,4,3,13,33
Danilo Gallinari,DEN,SF,71,71,2311,364,871,135,362,286,348,65,302,367,176,65,111,36,130,1149
Danny Granger,IND,SF,5,0,75,10,35,2,10,5,8,3,6,9,3,2,4,1,6,27
Danny Green,SAS,SG,81,81,2211,298,667,178,415,68,81,37,208,245,142,92,94,54,127,842
Dante Cunningham,MIN,PF,80,9,2014,315,670,0,7,70,107,143,263,406,65,81,56,40,150,700
Darius Miller,MIA,SF,1,0,20,3,4,1,1,0,0,0,1,1,2,0,1,0,2,7
Darius Miller,NOR,SF,50,2,660,41,102,21,53,8,8,8,69,77,42,17,22,12,82,111
Darius Morris,LAL,PG,48,17,687,73,188,24,66,24,37,24,33,57,76,21,45,2,58,194
Darko Milicic,BOS,C,1,0,5,0,1,0,0,0,0,0,1,1,0,0,2,0,1,0
Darrell Arthur,MEM,PF,58,3,963,162,357,5,18,33,46,66,100,166,33,24,44,33,124,362
Darren Collison,DAL,PG,80,47,2345,334,714,48,134,238,271,31,186,217,406,100,172,7,136,954
David Lee,GSW,PF,78,78,2862,592,1142,0,4,253,318,213,658,871,277,67,206,22,243,1437
David West,IND,PF,73,73,2432,502,1010,4,19,239,311,144,423,567,211,72,157,68,152,1247
DeAndre Jordan,LAC,C,82,82,2006,314,488,0,0,96,249,210,384,594,28,48,100,112,192,724
DeAndre Liggins,OKC,SG,38,1,288,21,47,7,19,9,18,13,39,52,15,18,14,3,32,58
DeJuan Blair,SAS,C,62,16,877,146,279,0,1,47,73,68,169,237,47,38,50,11,115,339
DeMar DeRozan,TOR,SG,82,82,3005,542,1222,34,119,354,426,48,270,318,203,76,152,24,170,1472
DeMarcus Cousins,SAC,C,74,74,2280,480,1031,4,23,310,421,221,523,744,199,108,224,55,267,1274
DeMarre Carroll,UTH,SF,65,12,1084,147,319,19,68,74,96,86,99,185,58,55,33,23,116,387
DeQuan Jones,ORL,SF,62,17,767,92,207,8,32,31,47,17,86,103,16,19,29,21,52,223
Derek Fisher,DAL,PG,9,9,228,23,65,10,23,21,23,0,15,15,33,5,18,2,24,77
Derek Fisher,OKC,PG,23,0,338,32,96,20,57,12,13,2,20,22,16,14,12,1,30,96
Deron Williams,BKN,PG,79,79,2878,506,1142,171,454,325,377,29,205,234,610,75,221,30,196,1508
Derrick Favors,UTH,PF,76,8,1762,269,559,0,5,179,260,183,353,536,75,66,128,124,243,717
Derrick Williams,MIN,PF,78,56,1914,343,791,66,197,186,266,94,333,427,47,44,100,37,131,938
DeSagana Diop,CHA,C,22,1,226,8,27,0,1,0,1,10,41,51,13,5,8,16,19,16
DeShawn Stevenson,ATL,SF,55,30,1136,97,260,76,209,12,23,17,103,120,49,29,22,6,67,282
Devin Ebanks,LAL,SF,19,3,195,24,73,6,22,11,14,10,31,41,10,3,11,1,23,65
Devin Harris,ATL,PG,58,34,1420,194,443,77,230,112,154,6,110,116,197,64,88,13,103,577
Dexter Pittman,MEM,C,7,0,19,1,6,0,0,0,3,3,2,5,0,0,1,0,4,2
Dexter Pittman,MIA,C,4,0,12,3,5,0,0,0,0,4,3,7,0,0,2,0,4,6
Diante Garrett,PHO,PG,19,0,149,16,49,3,15,5,10,5,10,15,31,10,16,0,5,40
Dion Waiters,CLE,SG,61,48,1757,336,815,63,203,159,213,22,126,148,183,59,121,16,113,894
Dirk Nowitzki,DAL,PF,52,46,1633,337,714,64,153,163,190,37,320,357,130,36,70,35,91,901
Dominic McGuire,IND,SF,2,1,13,0,3,0,0,0,2,1,1,2,1,0,0,0,0,0
Dominic McGuire,NOR,SF,9,0,145,9,21,0,0,1,2,7,21,28,9,8,5,3,13,19
Dominic McGuire,TOR,SF,15,9,230,15,32,0,0,2,6,11,37,48,10,5,7,8,26,32
Dominique Jones,DAL,SG,29,3,338,40,109,1,9,35,53,18,27,45,83,14,38,2,29,116
Donald Sloan,CLE,PG,20,0,257,27,78,7,19,20,25,3,25,28,37,5,13,0,17,81
Donald Sloan,NOR,PG,3,0,6,0,1,0,0,0,0,0,0,0,1,0,1,0,0,0
Donatas Motiejunas,HOU,PF,44,14,528,98,209,24,82,32,51,33,56,89,28,6,41,12,73,252
Dorell Wright,PHI,SF,80,8,1812,240,610,136,368,123,145,45,265,310,150,62,64,34,101,739
Doron Lamb,MIL,SG,23,0,280,33,95,4,16,8,15,3,14,17,20,7,16,0,27,78
Doron Lamb,ORL,SG,23,0,269,26,63,10,21,11,16,5,23,28,11,5,10,0,23,73
Draymond Green,GSW,SF,78,1,1056,84,257,14,67,45,55,58,202,260,53,42,50,25,159,227
Drew Gooden,MIL,PF,17,0,153,20,63,1,5,12,18,13,18,31,6,5,9,7,22,53
Dwight Howard,LAL,C,75,75,2681,467,806,1,6,352,715,250,685,935,106,83,221,185,286,1287
Dwyane Wade,MIA,SG,69,69,2390,569,1093,17,66,308,424,86,258,344,353,128,194,56,140,1463
E'Twaun Moore,ORL,SG,74,21,1668,236,592,67,196,45,57,47,118,165,201,51,104,23,121,584
Earl Barron,NYK,C,1,1,37,5,14,0,0,1,2,6,12,18,2,0,1,1,1,11
Earl Barron,WAS,C,11,1,122,13,37,0,0,2,5,16,27,43,3,5,10,5,23,28
Earl Clark,LAL,SF,58,36,1326,165,378,34,101,51,74,80,240,320,65,35,60,43,101,415
Earl Watson,UTH,PG,48,4,827,37,120,5,28,17,25,23,64,87,191,40,69,8,94,96
Ed Davis,MEM,PF,35,4,528,73,141,0,0,36,63,56,101,157,8,12,18,47,78,182
Ed Davis,TOR,PF,45,24,1087,186,339,0,0,66,102,95,205,300,55,25,45,38,111,438
Eddy Curry,DAL,C,2,0,25,4,8,0,0,1,4,2,2,4,0,0,3,0,7,9
Ekpe Udoh,MIL,PF,75,9,1294,115,266,0,1,89,119,113,135,248,43,39,43,84,138,319
Elton Brand,DAL,PF,72,18,1530,226,478,0,1,66,93,130,300,430,70,51,57,92,192,518
Emeka Okafor,WAS,C,80,78,2081,331,700,0,0,111,193,201,500,701,95,45,108,77,149,773
Enes Kanter,UTH,C,70,2,1079,207,380,1,1,93,117,135,169,304,31,28,101,33,116,508
Eric Bledsoe,LAC,PG,76,12,1554,253,568,31,78,106,134,78,147,225,233,109,137,55,112,643
Eric Gordon,MIA,SG,1,1,30,3,11,1,6,10,10,0,2,2,2,2,5,0,3,17
Eric Gordon,NOR,SG,40,38,1219,230,570,54,165,175,210,10,64,74,133,43,109,8,71,689
Eric Maynor,OKC,PG,37,0,392,36,115,15,46,17,21,5,13,18,73,10,31,0,19,104
Eric Maynor,POR,PG,26,0,555,70,162,19,48,25,38,4,23,27,108,11,45,1,35,184
Ersan Ilyasova,MIL,SF,73,54,2005,372,804,94,215,126,159,155,366,521,117,68,73,37,185,964
Evan Fournier,DEN,SG,39,4,451,82,166,25,60,30,39,6,32,38,49,22,34,1,70,219
Evan Turner,PHI,SF,82,82,2892,438,1049,55,157,153,208,57,453,510,357,70,185,17,196,1084
Fab Melo,BOS,C,6,0,36,3,6,0,0,1,4,0,3,3,0,2,1,2,7,7
Festus Ezeli,GSW,C,77,41,1118,73,168,0,0,43,81,141,171,312,22,23,63,74,157,189
Francisco Garcia,HOU,SG,18,5,320,41,95,28,71,6,7,1,22,23,21,11,11,7,22,116
Francisco Garcia,SAC,SG,40,15,710,77,205,40,109,12,14,7,61,68,43,32,20,31,66,206
Garrett Temple,WAS,SG,52,37,1188,108,262,28,83,26,37,29,99,128,115,51,61,18,97,270
Gary Neal,SAS,PG,69,17,1499,247,601,89,254,64,74,13,132,145,130,30,69,2,94,647
George Hill,IND,PG,76,76,2614,386,870,129,349,176,216,49,239,288,355,83,117,26,134,1077
Gerald Green,IND,SF,60,7,1090,160,433,60,192,50,63,31,110,141,49,18,51,23,63,430
Gerald Henderson,CHA,SG,68,58,2133,388,851,33,100,257,313,55,195,250,179,68,107,34,152,1066
Gerald Wallace,BKN,SF,70,69,2109,182,458,46,163,122,192,69,251,320,186,97,111,47,120,532
Glen Davis,ORL,PF,34,33,1065,214,478,0,2,84,117,55,191,246,71,32,64,21,88,512
Goran Dragic,PHO,PG,76,76,2539,390,893,85,272,237,319,60,176,236,566,123,207,26,213,1102
Gordon Hayward,UTH,SG,71,26,2077,327,755,97,236,243,292,51,172,223,212,57,120,38,123,994
Grant Hill,LAC,SF,29,0,435,38,99,3,11,14,24,6,43,49,26,11,25,6,39,93
Greg Monroe,DET,C,82,82,2718,521,1071,0,5,272,394,239,544,783,281,107,238,56,194,1314
Greg Smith,HOU,PF,70,10,1098,167,274,0,1,74,120,112,208,320,25,18,42,40,172,408
Greg Stiemsma,MIN,C,76,19,1217,127,280,0,0,55,71,65,199,264,31,44,59,91,187,309
Greivis Vasquez,NOR,PG,77,77,2648,430,1000,82,241,122,151,43,289,332,696,66,242,6,187,1064
Gustavo Ayon,MIL,PF,13,0,182,27,47,0,0,1,14,23,43,66,13,9,13,4,27,55
Gustavo Ayon,ORL,PF,43,3,572,67,125,0,0,19,38,40,100,140,59,13,38,13,83,153
Hakim Warrick,CHA,PF,27,14,482,66,163,0,3,58,86,21,68,89,25,12,29,6,37,190
Hakim Warrick,NOR,PF,1,0,7,1,2,0,0,2,2,0,0,0,0,1,0,0,0,4
Hamed Haddadi,MEM,C,13,0,88,7,21,0,0,1,2,10,14,24,4,1,4,6,15,15
Hamed Haddadi,PHO,C,17,0,233,28,61,0,0,13,25,33,54,87,8,5,27,21,45,69
Harrison Barnes,GSW,SF,80,80,2035,272,619,51,144,142,188,53,277,330,98,51,99,14,139,737
Hasheem Thabeet,OKC,C,65,4,757,64,106,0,0,31,51,69,121,190,10,30,39,59,145,159
Hedo Turkoglu,ORL,SF,11,1,189,14,53,1,24,3,6,4,22,26,23,7,12,1,11,32
Henry Sims,NOR,C,2,0,5,2,3,0,0,0,0,2,0,2,0,0,1,0,1,4
Ian Mahinmi,IND,C,80,2,1320,148,330,0,2,104,171,115,199,314,28,39,92,65,202,400
Iman Shumpert,NYK,SF,44,44,977,109,268,51,124,36,47,31,102,133,75,43,37,6,97,305
Isaiah Thomas,SAC,PG,78,61,2086,357,812,115,314,242,275,27,131,158,315,66,139,3,164,1071
Ish Smith,MIL,PG,16,0,141,18,45,4,10,0,0,1,15,16,31,8,10,3,13,40
Ish Smith,ORL,PG,25,3,250,34,86,4,12,3,7,8,21,29,40,9,18,5,8,75
Ishmael Smith,ORL,PG,11,0,127,5,29,0,4,0,0,3,14,17,18,4,9,1,6,10
Ivan Johnson,ATL,PF,69,6,1038,185,359,1,14,78,125,78,185,263,46,59,73,15,133,449
J.J. Barea,MIN,PG,49,0,1129,225,524,73,202,58,79,17,105,122,184,19,98,1,88,581
J.J. Hickson,POR,C,79,79,2299,413,735,0,2,181,267,263,557,820,88,47,145,51,159,1007
J.J. Redick,MIL,SG,28,2,799,118,293,43,146,55,59,8,40,48,75,9,32,5,47,334
J.J. Redick,ORL,SG,50,11,1575,262,582,117,300,115,129,9,110,119,220,29,105,5,70,756
J.R. Smith,NYK,SG,79,0,2644,516,1227,150,425,234,307,63,352,415,215,98,134,24,226,1416
Jae Crowder,DAL,SF,77,16,1336,141,364,63,191,47,73,35,150,185,93,62,48,17,125,392
Jamaal Tinsley,UTH,PG,65,32,1203,85,231,38,124,18,26,17,97,114,283,63,103,13,103,226
Jamal Crawford,LAC,SG,76,0,2231,445,1016,149,396,216,248,22,106,128,193,79,146,13,71,1255
Jameer Nelson,ORL,PG,56,56,1975,306,780,121,355,89,102,23,186,209,413,71,154,6,161,822
James Anderson,HOU,SG,29,2,308,44,110,18,55,17,20,15,43,58,35,13,19,3,20,123
James Anderson,SAS,SG,10,0,95,11,25,5,11,7,9,3,11,14,9,3,7,2,7,34
James Harden,HOU,SG,78,78,2974,576,1326,175,480,677,794,64,313,377,454,142,294,38,180,2004
James Johnson,SAC,PF,53,11,870,117,281,2,21,40,65,48,94,142,56,41,68,50,99,276
James Jones,MIA,SF,37,0,198,20,55,15,47,2,3,0,21,21,12,2,3,6,14,57
James White,NYK,SG,56,16,433,50,116,14,41,11,19,5,43,48,29,13,17,4,44,125
Jan Vesely,WAS,SF,52,4,606,57,114,0,1,12,39,43,79,122,28,15,27,17,107,126
Jannero Pargo,ATL,PG,7,0,114,13,38,7,20,2,2,1,6,7,19,3,5,0,8,35
Jannero Pargo,CHA,PG,18,0,304,59,149,29,77,7,8,8,16,24,35,14,29,2,29,154
Jannero Pargo,WAS,PG,7,0,103,8,32,3,20,2,2,0,6,6,14,0,8,1,8,21
Jared Cunningham,DAL,SG,8,0,26,6,14,2,3,2,2,1,2,3,1,1,2,0,3,16
Jared Dudley,PHO,SG,78,50,2146,312,665,105,267,126,158,79,164,243,200,74,100,8,126,855
Jared Jeffries,POR,PF,38,0,350,16,54,0,2,12,23,26,34,60,14,6,17,6,58,44
Jared Sullinger,BOS,PF,45,5,889,111,225,1,5,47,63,92,172,264,35,22,29,22,154,270
Jarrett Jack,GSW,PG,78,4,2322,382,846,80,200,165,196,19,222,241,434,57,156,11,133,1009
Jarvis Varnado,BOS,PF,5,0,18,2,4,0,0,2,4,1,2,3,1,1,1,0,1,6
Jarvis Varnado,MIA,PF,8,0,41,1,3,0,0,0,0,1,5,6,2,0,5,2,9,2
Jason Collins,BOS,C,32,7,328,8,23,0,0,21,30,21,31,52,6,10,16,6,74,37
Jason Collins,WAS,C,7,2,56,1,7,0,0,2,2,1,7,8,2,2,2,4,11,4
Jason Kidd,NYK,PG,75,48,2021,150,404,113,322,40,48,49,267,316,247,124,76,24,123,453
Jason Maxiell,DET,PF,72,71,1791,204,457,0,0,90,145,135,274,409,54,32,81,95,172,498
Jason Richardson,PHI,SG,33,33,939,135,336,57,167,20,33,19,108,127,51,40,26,15,57,347
Jason Smith,NOR,PF,51,0,875,167,341,0,4,86,102,64,122,186,34,15,55,45,123,420
Jason Terry,BOS,SG,78,24,2096,278,638,121,324,114,131,19,137,156,195,65,102,11,108,791
Jason Thompson,SAC,PF,81,80,2250,368,732,0,3,139,201,169,364,533,80,48,98,60,226,875
JaVale McGee,DEN,C,80,0,1446,305,530,1,1,110,186,158,226,384,25,30,90,156,185,721
Jeff Adrien,CHA,SF,53,5,727,74,171,0,2,65,100,68,133,201,36,18,32,27,83,213
Jeff Green,BOS,PF,80,16,2220,368,793,69,181,208,257,54,255,309,124,56,130,68,171,1013
Jeff Pendergraph,IND,PF,38,0,377,62,127,2,4,21,23,30,77,107,15,6,23,12,45,147
Jeff Teague,ATL,PG,80,78,2622,438,972,87,243,197,224,25,157,182,576,118,228,28,178,1160
Jeffery Taylor,CHA,SG,76,29,1504,171,397,52,153,75,103,51,99,150,63,47,48,15,136,469
Jeremy Evans,UTH,SF,37,0,215,27,44,0,1,21,33,26,32,58,11,8,8,13,30,75
Jeremy Lamb,OKC,SG,23,0,147,24,68,9,30,14,14,5,13,18,5,2,6,2,13,71
Jeremy Lin,HOU,PG,82,82,2642,396,899,87,259,217,276,31,214,245,497,130,233,29,206,1096
Jeremy Pargo,CLE,PG,25,11,450,75,187,18,57,28,41,7,25,32,64,12,37,2,32,196
Jeremy Pargo,PHI,PG,14,0,210,24,63,7,17,14,21,1,16,17,28,1,13,0,14,69
Jeremy Tyler,GSW,PF,20,0,62,9,24,0,0,4,6,6,11,17,1,1,6,2,10,22
Jermaine O'Neal,PHO,C,54,4,997,172,359,0,0,95,113,79,205,284,41,19,71,76,121,439
Jerry Stackhouse,BKN,SF,37,0,543,66,172,30,89,20,23,5,28,33,35,7,24,4,31,182
Jerryd Bayless,MEM,PG,79,4,1733,253,605,71,197,102,122,20,151,171,258,58,119,18,166,679
Jimmer Fredette,SAC,PG,68,0,962,171,408,65,155,85,99,18,52,70,91,31,68,3,61,492
Jimmy Butler,CHI,SF,81,19,2090,234,499,40,103,185,231,134,191,325,115,76,62,31,97,693
Joakim Noah,CHI,C,66,64,2422,303,630,0,5,178,237,260,473,733,262,78,176,141,185,784
Jodie Meeks,LAL,SG,77,9,1634,204,525,122,338,86,95,37,129,166,66,57,51,5,102,616
Joe Johnson,BKN,SG,73,73,2676,450,1069,151,405,134,163,53,167,220,255,51,123,14,102,1185
Joel Anthony,MIA,C,62,4,575,36,71,0,0,17,28,46,72,118,14,14,20,39,50,89
Joel Freeland,POR,PF,50,1,472,58,140,0,0,18,27,39,78,117,12,13,19,11,67,134
Joel Przybilla,MIL,C,12,1,69,1,4,0,0,0,2,5,16,21,4,1,4,2,10,2
Johan Petro,ATL,C,32,9,383,53,122,1,4,12,13,37,90,127,17,11,25,10,51,119
John Henson,MIL,PF,63,9,829,162,336,0,3,56,105,117,181,298,31,19,47,43,83,380
John Jenkins,ATL,SG,62,2,934,138,303,56,141,65,76,18,80,98,60,12,43,10,37,397
John Lucas,TOR,PG,63,0,828,129,334,57,151,18,25,8,57,65,105,23,26,1,50,333
John Salmons,SAC,SG,75,71,2249,243,606,98,262,85,110,33,172,205,224,50,85,25,142,669
John Wall,WAS,PG,50,43,1642,340,760,12,45,251,316,35,165,200,377,67,159,39,119,943
Jon Leuer,CLE,PF,9,0,91,10,28,0,3,2,6,5,8,13,5,2,5,0,11,22
Jon Leuer,MEM,PF,18,0,92,14,23,0,0,4,7,7,16,23,3,4,3,0,10,32
Jonas Jerebko,DET,PF,50,2,916,144,321,26,85,70,90,69,119,188,43,38,45,9,92,384
Jonas Valanciunas,TOR,C,62,57,1475,205,372,0,1,144,181,120,251,371,46,16,93,75,189,554
Jordan Crawford,BOS,SG,26,2,553,87,203,23,71,42,51,11,59,70,63,11,44,2,43,239
Jordan Crawford,WAS,SG,43,12,1130,211,508,59,171,87,106,31,104,135,156,27,97,5,61,568
Jordan Hamilton,DEN,SF,41,1,407,85,203,27,73,13,26,33,63,96,24,15,20,8,24,210
Jordan Hill,LAL,C,29,1,458,77,155,0,2,40,61,82,84,166,13,8,26,19,55,194
Jose Calderon,DET,PG,29,29,914,128,242,51,98,25,28,7,65,72,189,33,54,2,42,332
Jose Calderon,TOR,PG,45,30,1272,187,398,79,184,47,52,14,92,106,333,28,75,6,58,500
Jose Juan Barea,MIN,PG,26,2,591,100,241,26,79,47,58,16,67,83,114,14,50,0,45,273
Josh Akognon,DAL,PG,3,0,9,2,4,1,2,0,0,0,1,1,1,0,0,0,3,5
Josh Childress,BKN,SF,14,0,100,6,21,1,3,1,2,6,9,15,5,2,0,2,3,14
Josh Harrellson,MIA,C,6,0,32,4,9,1,5,1,2,3,4,7,0,1,3,1,4,10
Josh Howard,MIN,SF,11,4,207,31,77,5,16,7,12,9,27,36,4,10,10,3,18,74
Josh McRoberts,CHA,PF,26,19,809,95,189,7,30,43,55,48,137,185,71,22,37,13,69,240
Josh McRoberts,ORL,PF,41,3,686,60,153,17,55,22,30,41,96,137,69,10,28,12,65,159
Josh Selby,MEM,PG,10,0,58,6,22,1,6,7,11,0,5,5,4,2,7,0,7,20
Josh Smith,ATL,SF,75,75,2650,542,1169,59,198,165,317,133,500,633,318,94,224,134,172,1308
Jrue Holiday,PHI,PG,78,78,2921,559,1290,94,250,180,237,89,242,331,623,123,295,32,170,1392
Julyan Stone,DEN,PG,4,0,27,2,2,0,0,3,4,2,1,3,2,1,2,0,4,7
Justin Dentmon,DAL,PG,2,0,4,0,2,0,0,0,0,0,0,0,0,0,0,0,0,0
Justin Holiday,PHI,SG,9,0,143,14,43,4,15,6,8,0,12,12,15,3,9,6,4,38
Juwan Howard,MIA,PF,7,2,49,10,19,0,0,1,1,0,8,8,6,0,4,0,9,21
Kawhi Leonard,SAS,SF,59,58,1853,267,536,66,175,112,136,63,289,352,97,99,65,34,103,712
Keith Bogans,BKN,SF,75,23,1418,108,286,84,247,11,17,16,104,120,77,28,49,4,109,311
Kemba Walker,CHA,PG,82,82,2841,526,1238,107,327,291,367,59,223,282,470,158,201,32,151,1450
Kendall Marshall,PHO,PG,47,3,700,56,151,23,73,8,14,4,38,42,142,22,57,4,48,143
Kendrick Perkins,OKC,C,77,77,1928,142,309,0,1,44,72,111,350,461,110,43,108,83,224,328
Kenneth Faried,DEN,SF,81,81,2268,386,699,0,0,164,268,263,477,740,78,82,114,87,236,936
Kent Bazemore,GSW,SG,60,0,263,43,116,10,34,27,44,5,17,22,22,17,18,4,27,123
Kenyon Martin,NYK,PF,18,11,430,56,93,0,0,17,40,34,60,94,8,16,16,17,64,129
Kevin Durant,OKC,SF,80,80,3087,718,1412,137,331,673,743,44,587,631,373,116,278,105,142,2246
Kevin Garnett,BOS,C,68,68,2024,422,850,2,16,158,201,75,455,530,159,78,110,62,154,1004
Kevin Jones,CLE,PF,31,0,313,42,101,0,0,9,15,35,35,70,10,9,7,4,24,93
Kevin Love,MIN,PF,18,18,619,105,298,20,92,100,142,64,188,252,42,13,39,9,34,330
Kevin Martin,OKC,SG,76,0,2112,347,771,157,368,217,244,31,145,176,104,72,99,8,137,1068
Kevin Murphy,UTH,SG,17,0,51,7,28,1,5,0,0,0,4,4,2,1,3,0,4,15
Kevin Seraphin,WAS,PF,80,8,1759,337,726,0,0,62,90,108,242,350,59,24,131,60,215,736
Keyon Dooling,MEM,PG,7,0,82,10,21,5,12,6,7,0,1,1,8,1,5,0,8,31
Khris Middleton,DET,SF,28,0,503,65,147,15,47,27,32,4,49,53,32,17,12,4,58,172
Kim English,DET,SG,41,0,412,42,112,14,50,21,29,8,29,37,26,16,19,3,46,119
Kirk Hinrich,CHI,SG,60,59,1730,154,413,69,177,69,97,16,139,155,309,61,98,24,191,446
Klay Thompson,GSW,SG,81,81,2894,498,1187,208,521,130,154,32,274,306,181,82,154,43,232,1334
Kobe Bryant,LAL,SG,77,77,2975,728,1572,132,402,521,622,66,362,428,460,105,283,25,170,2109
Kosta Koufos,DEN,C,82,82,1836,298,512,0,1,58,104,213,356,569,32,44,53,104,249,654
Kris Humphries,BKN,PF,65,21,1192,139,310,0,2,97,123,126,239,365,32,16,57,33,127,375
Kris Joseph,BKN,SF,4,0,31,0,3,0,1,2,4,0,2,2,0,3,0,0,1,2
Kris Joseph,BOS,SF,6,0,23,2,11,0,2,3,4,1,4,5,1,0,2,0,2,7
Kurt Thomas,NYK,PF,39,17,394,45,83,1,1,6,13,24,65,89,21,10,8,16,52,97
Kwame Brown,PHI,C,22,11,269,17,37,0,0,7,19,23,51,74,9,6,8,10,37,41
Kyle Korver,ATL,SF,73,59,2228,274,594,188,410,63,73,23,266,289,145,68,68,37,168,799
Kyle Lowry,TOR,PG,68,52,2007,248,621,101,277,190,240,56,267,323,432,92,157,24,217,787
Kyle O'Quinn,ORL,PF,56,5,628,97,192,0,1,30,45,64,141,205,52,11,37,26,106,224
Kyle Singler,DET,SG,83,75,2320,277,648,70,202,102,127,110,223,333,78,57,100,37,220,726
Kyrie Irving,CLE,PG,58,58,2011,480,1050,107,273,247,289,34,177,211,342,87,187,19,146,1314
Lamar Odom,LAC,PF,82,2,1616,146,366,18,90,20,42,117,363,480,142,69,86,58,214,330
LaMarcus Aldridge,POR,PF,73,73,2747,625,1298,2,14,274,338,172,485,657,189,61,143,91,182,1526
Lance Stephenson,IND,SG,79,72,2268,273,593,62,186,77,117,48,259,307,221,81,110,16,165,685
Lance Thomas,MIA,SF,1,0,10,3,4,0,0,0,0,0,0,0,1,0,0,0,3,6
Lance Thomas,NOR,SF,58,9,635,50,102,0,0,43,59,44,71,115,15,11,14,7,75,143
Landry Fields,TOR,SF,51,22,1040,103,223,2,14,35,54,56,150,206,60,32,44,9,64,243
Larry Sanders,MIL,C,71,55,1934,308,605,0,2,83,135,220,449,669,83,53,87,204,234,699
Lavoy Allen,PHI,C,79,37,1671,207,458,0,1,43,60,162,242,404,72,24,56,54,179,457
Lazar Hayward,MIN,SF,4,0,31,2,10,0,4,6,6,0,4,4,3,2,0,0,3,10
Leandro Barbosa,BOS,SG,41,2,511,83,193,18,47,31,41,8,38,46,58,17,21,6,51,215
LeBron James,MIA,SF,77,77,2911,777,1371,104,256,405,538,97,518,615,556,130,227,67,111,2063
Linas Kleiza,TOR,SF,21,3,375,48,144,20,66,32,38,10,42,52,16,4,14,2,45,148
Lou Amundson,CHI,PF,1,0,2,0,1,0,0,0,0,1,0,1,0,0,0,0,0,0
Lou Amundson,MIN,PF,20,0,161,14,38,0,0,4,20,23,24,47,3,7,11,6,26,32
Lou Amundson,NOR,PF,16,0,186,16,40,0,0,8,16,22,31,53,8,9,8,6,25,40
Louis Williams,ATL,SG,39,9,1121,187,443,72,196,105,121,8,72,80,139,44,74,10,55,551
Luc Mbah a Moute,MIL,PF,58,45,1333,155,382,13,37,74,130,90,171,261,56,42,69,14,80,397
Luis Scola,PHO,PF,81,66,2170,429,909,3,16,181,230,158,382,540,179,67,125,35,254,1042
Luke Babbitt,POR,SF,62,0,731,86,234,62,178,10,13,15,122,137,29,14,22,5,82,244
Luke Ridnour,MIN,PG,82,82,2471,365,811,66,212,140,166,42,164,206,310,84,130,15,186,936
Luke Walton,CLE,SF,49,0,852,71,181,20,67,10,20,38,107,145,164,42,60,13,97,172
Luke Zeller,PHO,PF,16,0,59,9,26,1,5,0,0,1,9,10,3,0,0,0,5,19
Luol Deng,CHI,SF,74,74,2858,461,1075,73,228,223,275,161,311,472,220,80,143,31,105,1218
Maalik Wayns,LAC,PG,6,0,38,7,16,2,6,4,4,0,2,2,7,3,2,0,8,20
Maalik Wayns,PHI,PG,21,1,164,19,72,5,25,13,15,1,4,5,20,3,13,0,18,56
Malcolm Lee,MIN,SG,16,12,289,29,76,8,24,12,20,15,24,39,19,12,10,6,30,78
Malcolm Thomas,CHI,PF,7,0,35,5,9,0,0,2,4,5,6,11,2,2,2,1,7,12
Malcolm Thomas,GSW,PF,5,0,21,0,1,0,0,3,4,0,5,5,2,0,1,1,1,3
Manu Ginobili,SAS,SG,60,0,1394,229,539,83,235,164,206,30,171,201,274,80,132,13,114,705
Marc Gasol,MEM,C,79,79,2759,424,861,1,14,267,314,185,430,615,311,77,154,137,252,1116
Marcin Gortat,PHO,C,61,61,1879,295,566,0,3,90,138,128,388,516,75,40,99,98,127,680
Marco Belinelli,CHI,SG,73,27,1883,241,610,79,221,141,168,13,127,140,148,44,82,6,140,702
Marcus Camby,NYK,C,24,4,251,17,53,0,0,8,19,24,56,80,14,7,15,14,28,42
Marcus Morris,HOU,PF,54,17,1153,171,400,74,194,49,75,63,156,219,47,27,53,16,120,465
Marcus Morris,PHO,PF,22,6,363,51,125,12,38,17,42,17,41,58,15,18,22,4,40,131
Marcus Thornton,SAC,SG,71,8,1724,332,773,141,378,111,126,50,131,181,91,60,67,4,105,916
Mario Chalmers,MIA,PG,77,77,2065,230,535,126,307,85,108,19,154,173,269,115,118,12,194,671
Markieff Morris,PHO,PF,81,31,1826,265,651,45,134,91,125,130,259,389,107,75,104,63,207,666
Marquis Daniels,MIL,SF,59,33,1093,133,349,20,72,40,54,48,98,146,66,49,45,11,77,326
Marquis Teague,CHI,PG,48,0,392,43,113,4,23,9,16,3,41,44,63,9,35,7,47,99
Marreese Speights,CLE,PF,38,1,717,154,336,1,5,85,106,70,127,197,29,14,44,26,87,394
Marreese Speights,MEM,PF,40,2,576,106,247,2,5,48,67,76,113,189,18,10,35,27,86,262
Marshon Brooks,BKN,SG,74,2,937,157,340,15,56,69,94,32,74,106,77,36,70,16,94,398
Martell Webster,WAS,SF,77,63,2222,284,643,140,331,174,205,53,243,296,146,50,90,18,167,882
Marvin Williams,UTH,PF,74,51,1728,199,470,54,166,77,99,55,208,263,77,37,60,38,98,529
Matt Barnes,LAC,SF,80,4,2060,312,675,111,325,87,117,111,255,366,123,82,90,63,233,822
Matt Bonner,SAS,PF,69,4,928,112,232,53,122,11,15,25,104,129,38,17,16,23,86,288
Matt Carroll,CHA,SG,1,0,6,0,1,0,0,0,0,0,0,0,1,0,0,0,1,0
Maurice Harkless,ORL,SF,15,14,569,75,187,8,44,33,57,31,44,75,15,26,28,13,43,191
Metta World Peace,LAL,SF,75,66,2531,332,824,141,412,124,169,101,271,372,112,122,98,42,198,929
Meyers Leonard,POR,C,68,9,1180,149,271,3,7,70,87,78,171,249,31,11,48,38,163,371
Michael Beasley,PHO,SF,74,20,1518,298,749,44,142,94,126,52,224,276,110,30,138,34,105,734
Michael Kidd.Gilchrist,CHA,SF,78,77,2009,276,601,2,9,138,185,129,318,447,117,53,101,69,162,692
Mickael Gelabale,MIN,SF,35,13,624,69,133,16,50,16,17,32,63,95,25,16,16,4,45,170
Mickael Pietrus,TOR,SF,19,16,388,34,98,20,64,12,18,5,31,36,9,12,16,6,33,100
Mike Conley,MEM,PG,63,63,2168,326,750,78,231,185,223,33,141,174,376,127,143,20,133,915
Mike Conley Jr.,MEM,PG,16,16,556,79,171,27,61,47,57,9,40,49,104,43,46,4,36,232
Mike Dunleavy,MIL,SF,75,3,1946,277,624,129,300,107,130,31,257,288,146,39,91,36,140,790
Mike James,DAL,PG,44,22,844,99,268,46,122,21,27,9,62,71,137,24,54,3,93,265
Mike Miller,MIA,SG,59,17,891,92,219,67,166,7,9,17,139,156,98,22,35,4,64,258
Mike Scott,ATL,PF,40,1,411,78,162,0,2,49,64,40,76,116,14,4,24,2,36,205
Miles Plumlee,IND,PF,15,0,57,7,23,0,0,3,4,12,10,22,2,0,3,3,5,17
Mirza Teletovic,BKN,PF,54,0,506,71,186,37,109,9,11,33,62,95,23,13,20,8,54,188
Mo Williams,UTH,PG,45,45,1387,226,525,59,152,73,83,24,84,108,281,46,122,9,101,584
Moe Harkless,ORL,SF,60,44,1396,185,376,24,73,40,71,91,169,260,35,62,41,47,100,434
Monta Ellis,MIL,PG,82,82,3083,598,1437,95,326,297,380,45,275,320,499,175,257,36,162,1588
Nando de Colo,SAS,PG,73,7,946,107,249,31,83,37,46,25,120,145,141,41,84,6,91,282
Nate Robinson,CHI,PG,81,23,2059,391,904,138,341,135,169,29,152,181,353,84,141,10,204,1055
Nazr Mohammed,CHI,C,62,11,664,65,174,0,2,31,43,69,115,184,25,21,24,29,95,161
Nenê ,WAS,C,58,46,1589,273,573,0,1,189,257,94,297,391,166,51,132,37,166,735
Nick Collison,OKC,PF,80,2,1560,174,291,0,4,58,76,120,208,328,120,50,68,29,195,406
Nick Young,PHI,SG,59,17,1421,225,542,73,209,107,130,25,105,130,83,34,49,14,85,630
Nicolas Batum,POR,SF,73,73,2806,352,833,165,444,178,210,97,315,412,360,91,190,83,139,1047
Nikola Pekovic,MIN,C,63,62,1954,386,745,0,1,235,316,234,316,550,55,42,101,50,143,1007
Nikola Vucevic,ORL,C,76,76,2520,453,876,0,4,86,126,268,633,901,139,59,137,77,216,992
Nolan Smith,POR,PG,39,0,284,41,112,6,28,20,28,7,20,27,35,7,28,1,26,108
Norris Cole,MIA,PG,80,4,1595,181,431,35,100,53,82,19,114,133,161,56,101,7,159,450
O.J. Mayo,DAL,SG,81,81,2882,456,1017,141,346,189,231,35,252,287,355,91,207,23,193,1242
Omer Asik,HOU,C,82,82,2462,330,609,0,0,165,295,272,682,954,77,49,176,87,221,825
Omri Casspi,CLE,SF,42,1,505,63,160,25,76,22,41,20,94,114,28,25,22,12,45,173
Orlando Johnson,IND,SG,51,0,616,72,181,36,94,22,30,20,88,108,48,10,30,9,49,202
P.J. Tucker,PHO,SG,78,44,1880,205,436,22,70,64,86,129,214,343,103,61,67,17,143,496
Pablo Prigioni,NYK,PG,77,17,1248,99,216,53,131,22,25,41,99,140,232,69,86,2,124,273
Patrick Beverley,HOU,PG,41,0,710,79,189,36,96,34,41,44,66,110,120,36,46,21,84,228
Patrick Mills,SAS,PG,16,2,200,35,75,13,35,2,3,4,15,19,17,9,20,2,12,85
Patrick Patterson,HOU,PF,47,38,1221,236,455,35,96,37,49,73,148,221,50,18,42,27,90,544
Patrick Patterson,SAC,PF,23,2,514,80,159,15,33,8,10,38,71,109,28,13,16,13,46,183
Patty Mills,SAS,PG,42,0,452,78,166,39,95,14,16,5,26,31,45,17,19,2,43,209
Pau Gasol,LAL,PF,48,41,1619,262,565,8,28,122,174,110,302,412,197,24,104,61,91,654
Paul George,IND,SF,79,79,2966,490,1173,170,467,221,271,87,515,602,330,141,234,50,227,1371
Paul Millsap,UTH,PF,77,77,2335,421,862,12,38,261,351,171,373,544,194,101,135,80,227,1115
Paul Pierce,BOS,SF,77,77,2577,476,1092,145,382,333,423,45,442,487,370,84,214,30,210,1430
Perry Jones,OKC,SF,28,1,205,33,79,0,2,10,15,11,37,48,6,4,6,4,14,76
Perry Jones III,OKC,SF,10,0,78,6,20,0,0,0,0,1,13,14,4,1,9,2,9,12
Quentin Richardson,NYK,SF,1,0,29,1,11,1,4,2,2,5,5,10,1,0,2,0,1,5
Quincy Acy,TOR,SF,29,0,355,46,82,2,3,35,42,30,48,78,12,14,17,15,56,129
Quincy Miller,DEN,SF,8,0,29,5,15,0,1,1,2,1,1,2,3,1,1,0,3,11
Quincy Pondexter,MEM,SF,58,1,1222,127,292,59,148,59,75,43,89,132,60,33,42,6,94,372
Rajon Rondo,BOS,PG,38,38,1422,225,465,12,50,60,93,43,169,212,419,70,148,9,96,522
Ramon Sessions,CHA,PG,61,0,1650,276,676,33,107,291,347,27,142,169,230,48,104,7,91,876
Randy Foye,UTH,PG,81,71,2223,290,729,176,427,118,144,17,109,126,163,66,91,26,189,874
Rashard Lewis,MIA,PF,55,8,783,104,247,51,129,26,43,18,105,123,31,21,30,13,66,285
Rasheed Wallace,NYK,PF,21,0,296,55,142,22,69,14,20,11,72,83,6,13,10,15,40,146
Ray Allen,MIA,SG,80,0,2060,295,659,142,335,142,160,40,179,219,137,67,105,15,132,874
Raymond Felton,NYK,PG,67,67,2275,373,873,92,255,101,128,50,142,192,368,92,151,14,126,939
Reggie Evans,BKN,PF,81,57,2012,130,268,0,0,117,229,264,644,908,43,76,113,13,202,377
Reggie Jackson,OKC,PG,69,0,973,148,321,24,104,52,62,21,140,161,122,29,50,12,83,372
Reggie Williams,CHA,SF,40,0,369,54,127,21,71,9,19,6,44,50,39,10,17,1,18,138
Richard Hamilton,CHI,SG,50,45,1088,204,475,16,52,66,77,16,67,83,119,24,84,5,93,490
Richard Jefferson,GSW,SF,56,1,568,62,136,14,45,38,53,5,79,84,31,14,23,7,45,176
Ricky Rubio,MIN,PG,57,47,1685,183,517,26,91,213,265,44,184,228,411,141,171,5,142,605
Robert Sacre,LAL,C,32,3,203,18,48,0,0,7,11,9,25,34,6,0,10,10,38,43
Robin Lopez,MIA,C,1,1,18,2,4,0,0,2,2,1,2,3,0,0,2,1,0,6
Robin Lopez,NOR,C,80,80,2084,377,706,0,0,157,203,223,229,452,63,31,108,126,167,911
Rodney Stuckey,DET,PG,77,24,2196,312,763,55,183,217,278,44,176,220,274,51,139,18,127,896
Rodrigue Beaubois,DAL,PG,45,0,552,65,176,21,72,30,38,9,47,56,84,19,33,4,54,181
Roger Mason Jr.,MIA,SG,1,0,13,0,4,0,2,0,0,0,0,0,2,0,1,0,0,0
Roger Mason Jr.,NOR,SG,67,13,1205,132,300,66,157,39,43,11,121,132,72,25,50,11,104,369
Ronnie Brewer,NYK,SF,46,34,708,64,175,22,71,16,39,29,71,100,40,34,14,6,27,166
Ronnie Brewer,OKC,SF,13,0,140,6,23,1,5,0,0,13,27,40,10,9,4,0,6,13
Ronnie Price,POR,PG,39,0,510,39,120,10,39,17,24,13,31,44,73,26,34,3,61,105
Ronny Turiaf,LAC,C,65,0,705,49,97,0,0,23,63,45,107,152,35,19,29,35,80,121
Roy Hibbert,IND,C,79,79,2270,388,862,1,4,163,222,295,360,655,114,40,162,208,278,940
Royal Ivey,PHI,PG,52,5,689,61,142,36,86,9,16,16,39,55,31,22,19,3,72,167
Rudy Gay,MEM,SF,42,42,1541,281,688,40,129,121,156,56,193,249,108,56,104,31,87,723
Rudy Gay,TOR,SF,33,32,1133,229,552,43,130,120,140,45,170,215,93,56,93,23,95,621
Russell Westbrook,OKC,PG,81,81,2830,663,1511,97,297,456,569,109,312,421,598,144,271,24,185,1879
Ryan Anderson,MIA,PF,1,0,31,8,15,2,6,2,2,2,1,3,3,0,2,0,1,20
Ryan Anderson,NOR,PF,79,22,2453,464,1089,211,547,146,174,186,324,510,94,42,92,30,176,1285
Ryan Hollins,LAC,C,60,0,666,70,114,0,0,66,88,50,89,139,11,6,44,34,133,206
Sam Young,IND,SF,57,3,695,59,149,16,52,23,43,25,98,123,42,15,33,8,63,157
Samardo Samuels,CLE,PF,18,1,195,22,60,0,1,14,24,10,18,28,8,3,6,3,30,58
Samuel Dalembert,MIL,C,47,23,762,137,253,1,1,38,55,105,171,276,21,17,51,53,90,313
Sasha Pavlovic,POR,SG,38,1,524,42,118,18,59,1,6,7,49,56,32,24,14,5,59,103
Scott Machado,HOU,PG,6,0,22,3,6,0,1,2,2,0,1,1,6,2,8,0,0,8
Sebastian Telfair,PHO,PG,46,2,796,94,247,43,113,44,57,12,56,68,114,28,53,10,84,275
Sebastian Telfair,TOR,PG,13,0,194,17,62,9,35,13,16,1,15,16,44,12,12,1,18,56
Serge Ibaka,OKC,PF,79,79,2458,440,768,20,57,141,189,215,394,609,42,27,125,241,211,1041
Shane Battier,MIA,SF,72,20,1786,152,361,138,315,34,40,37,124,161,77,42,33,53,147,476
Shannon Brown,PHO,PG,58,22,1400,240,570,39,141,98,125,44,105,149,108,59,73,15,92,617
Shaun Livingston,CLE,PG,48,12,1109,140,276,0,1,67,79,29,90,119,173,37,57,27,105,347
Shaun Livingston,WAS,PG,17,4,320,24,66,0,3,15,15,2,35,37,38,11,17,2,22,63
Shavlik Randolph,BOS,PF,15,0,186,22,39,0,0,7,22,24,39,63,4,7,9,7,32,51
Shawn Marion,DAL,SF,66,66,1974,345,673,22,72,75,97,144,369,513,159,74,101,45,109,787
Shelvin Mack,ATL,PG,20,1,277,42,89,16,38,10,14,0,24,24,50,10,25,0,28,110
Shelvin Mack,PHI,PG,4,0,7,1,2,0,1,0,0,0,0,0,1,0,2,0,1,2
Shelvin Mack,WAS,PG,7,2,143,16,40,4,13,1,2,3,13,16,23,6,8,0,10,37
Solomon Jones,NYK,PF,2,1,26,0,1,0,0,0,0,1,2,3,0,0,3,1,3,0
Spencer Hawes,PHI,C,82,40,2219,372,803,32,89,121,157,171,418,589,180,24,132,114,233,897
Stephen Curry,GSW,PG,77,77,2948,620,1373,269,592,259,288,59,254,313,523,123,235,12,193,1768
Stephen Jackson,SAS,SF,56,6,1095,126,336,47,174,51,72,23,134,157,81,38,78,14,91,350
Steve Blake,LAL,PG,44,12,1131,112,264,70,166,27,35,19,109,128,168,34,57,6,80,321
Steve Nash,LAL,PG,50,50,1631,236,475,57,130,107,116,26,116,142,333,30,126,5,70,636
Steve Novak,NYK,SF,80,1,1628,177,426,149,348,30,33,17,135,152,35,28,12,8,97,533
Taj Gibson,CHI,PF,65,5,1460,214,441,0,4,89,131,125,220,345,61,27,76,90,166,517
Tayshaun Prince,DET,SF,45,45,1458,215,484,23,53,74,93,43,166,209,111,21,54,13,45,527
Tayshaun Prince,MEM,SF,36,35,1153,141,328,15,40,22,37,28,125,153,85,27,35,12,41,319
Terrel Harris,MIA,SG,8,0,30,2,9,0,1,6,8,4,6,10,3,0,4,0,3,10
Terrel Harris,NOR,SG,12,0,106,2,18,0,7,1,2,0,16,16,6,2,13,3,14,5
Terrence Jones,HOU,PF,19,0,289,48,103,7,23,14,20,32,38,70,15,13,13,21,22,117
Terrence Ross,TOR,SG,73,2,1252,187,461,64,195,33,46,35,109,144,53,45,48,14,122,471
Terrence Williams,BOS,SG,23,0,287,44,88,5,13,8,19,3,35,38,37,10,19,1,12,101
Thabo Sefolosha,OKC,SG,80,80,2211,223,463,107,255,57,69,57,254,311,123,102,64,44,175,610
Thaddeus Young,PHI,SF,76,76,2621,507,960,1,8,107,186,178,381,559,123,133,85,54,191,1122
Thomas Robinson,HOU,PF,19,0,254,36,81,0,1,17,42,33,48,81,11,16,24,5,29,89
Thomas Robinson,SAC,PF,51,0,812,103,242,0,0,41,71,92,146,238,36,24,66,21,95,247
Tiago Splitter,SAS,C,82,59,2020,317,568,0,2,209,287,145,375,520,131,64,102,64,162,843
Tim Duncan,SAS,PF,70,70,2103,502,997,2,7,252,308,125,575,700,187,50,150,186,119,1258
Tim Ohlbrecht,HOU,C,2,0,9,1,2,0,0,1,1,0,1,1,1,1,3,0,1,3
Timofey Mozgov,DEN,C,42,1,371,44,87,0,2,20,26,52,57,109,10,6,25,18,59,108
Tobias Harris,MIL,SF,28,14,323,53,115,7,21,23,26,17,40,57,13,8,18,7,31,136
Tobias Harris,ORL,SF,26,19,928,175,380,27,86,78,109,54,165,219,53,23,46,35,86,455
Toney Douglas,HOU,PG,49,0,916,139,352,61,162,60,68,23,67,90,93,40,56,2,103,399
Toney Douglas,SAC,PG,21,0,356,43,105,19,49,16,16,11,36,47,57,29,24,1,39,121
Tony Allen,MEM,SG,78,78,2095,282,635,3,24,134,187,121,240,361,96,118,92,43,209,701
Tony Parker,SAS,PG,66,66,2181,519,995,24,69,279,330,18,180,198,499,54,170,6,92,1341
Tony Wroten,MEM,PG,35,0,270,33,86,4,16,21,29,13,15,28,43,8,29,4,34,91
Tornike Shengelia,BKN,SF,19,0,94,10,23,1,2,9,16,9,14,23,3,3,11,1,11,30
Travis Outlaw,SAC,SF,37,2,436,73,173,14,50,38,52,17,43,60,21,11,18,8,35,198
Trevor Ariza,WAS,SF,57,15,1503,190,460,77,215,78,95,44,227,271,115,74,85,21,72,535
Trevor Booker,WAS,PF,49,14,903,108,221,0,5,45,78,99,143,242,40,35,33,16,99,261
Tristan Thompson,CLE,PF,81,81,2526,380,782,0,3,168,282,299,457,756,107,60,122,70,231,928
Troy Murphy,DAL,PF,14,1,256,22,61,11,35,10,11,7,42,49,7,10,7,6,29,65
Ty Lawson,DEN,PG,73,71,2514,448,971,85,232,235,311,36,162,198,500,108,182,8,135,1216
Tyler Hansbrough,IND,PF,81,8,1370,176,408,0,3,216,300,161,216,377,38,28,78,19,150,568
Tyler Honeycutt,SAC,SF,9,0,32,3,11,0,2,2,2,3,7,10,2,0,5,1,2,8
Tyler Zeller,CLE,C,76,54,2000,241,550,0,4,119,155,159,273,432,96,35,94,70,246,601
Tyreke Evans,SAC,PG,64,60,1974,356,750,43,129,206,265,54,224,278,222,90,127,27,132,961
Tyrus Thomas,CHA,PF,26,2,350,46,131,3,7,26,31,14,44,58,19,13,17,15,51,121
Tyshawn Taylor,BKN,PG,39,0,219,32,87,6,13,15,27,2,16,18,21,13,25,0,25,85
Tyson Chandler,NYK,C,65,65,2125,252,393,0,0,179,258,265,427,692,59,41,87,76,186,683
Udonis Haslem,MIA,PF,75,59,1412,132,258,0,0,34,47,97,305,402,38,30,44,16,172,298
Viacheslav Kravtsov,DET,C,25,0,224,33,46,0,0,11,37,24,21,45,9,5,14,9,32,77
Victor Claver,POR,SF,48,15,788,70,181,25,85,13,29,30,87,117,42,25,41,11,72,178
Vince Carter,DAL,SG,80,3,2062,369,844,161,393,182,223,58,273,331,186,76,106,43,225,1081
Vladimir Radmanovic,CHI,SF,24,0,118,10,40,4,26,2,3,9,15,24,6,6,7,3,26,26
Wayne Ellington,CLE,SG,37,16,949,140,322,52,141,52,57,19,89,108,62,28,32,2,42,384
Wayne Ellington,MEM,SG,40,4,676,81,199,41,97,15,16,5,47,52,42,16,24,1,38,218
Wesley Johnson,PHO,SF,49,20,922,157,387,50,152,26,33,21,100,121,34,22,45,18,56,390
Wesley Matthews,POR,SG,68,68,2364,346,789,168,414,144,181,34,154,188,170,88,107,18,169,1004
Will Barton,POR,SG,72,5,869,114,300,9,63,49,64,35,104,139,54,34,59,8,54,286
Will Bynum,DET,PG,65,0,1217,253,540,24,76,106,131,28,69,97,231,45,125,5,128,636
Will Conroy,MIN,PG,4,0,21,0,9,0,3,1,2,1,0,1,0,0,0,0,1,1
Willie Green,LAC,SG,72,60,1185,178,386,71,166,23,32,17,80,97,55,29,31,12,96,450
Wilson Chandler,DEN,SG,44,9,1111,219,470,55,132,88,112,47,177,224,61,47,60,12,121,581
Xavier Henry,NOR,SG,49,2,609,66,156,4,11,55,88,20,68,88,13,15,30,5,72,191
Zach Randolph,MEM,PF,75,74,2571,464,1007,2,23,224,299,308,539,847,108,61,150,30,178,1154
Zaza Pachulia,ATL,C,52,15,1133,114,241,0,3,78,103,132,204,336,79,35,70,12,128,306
